full_team_picks,team_picks,full_opponent_picks,opponent_picks,picked_hero,win,match_id,start_time
"Morphling,Lina,Vengeful Spirit,Faceless Void,Ancient Apparition","Morphling,Lina,Vengeful Spirit","Winter Wyvern,Weaver,Lich,Pugna","Winter Wyvern,Weaver",Faceless Void,1,8420055989,1755373268
"Huskar,Lion,Slark,Vengeful Spirit","Huskar,Lion","Luna,Tiny,Invoker,Juggernaut,Hoodwink","Luna,Tiny",Slark,1,8420160603,1755378843
"Ogre Magi,Witch Doctor,Undying,Riki,Sniper","Ogre Magi,Witch Doctor,Undying,Riki","Juggernaut,Templar Assassin,Skywrath Mage,Chaos Knight","Juggernaut,Templar Assassin,Skywrath Mage,Chaos Knight",Sniper,0,8420673755,1755417848
"Viper,Windranger,Vengeful Spirit,Drow Ranger,Sand King","Viper,Windranger,Vengeful Spirit","Spirit Breaker,Ogre Magi,Ursa,Nyx Assassin","Spirit Breaker,Ogre Magi",Drow Ranger,1,8420746418,1755421663
"Troll Warlord,Anti-Mage,Nature's Prophet,Pangolier,Silencer","Troll Warlord,Anti-Mage,Nature's Prophet,Pangolier","Razor,Lina,Drow Ranger,Slark,Bristleback","Razor,Lina,Drow Ranger,Slark",Silencer,0,8420914562,1755430118
"Pudge,Phantom Assassin,Earthshaker,Necrophos,Wraith King","Pudge,Phantom Assassin,Earthshaker,Necrophos","Legion Commander,Nature's Prophet,Shadow Fiend,Undying,Vengeful Spirit","Legion Commander,Nature's Prophet,Shadow Fiend,Undying",Wraith King,1,8420991759,1755433429
"Wraith King,Kunkka,Necrophos,Viper,Earthshaker,Huskar",,"Rubick,Faceless Void,Shadow Shaman,Undying,Dragon Knight",,Wraith King,0,8421270733,1755443828
"Medusa,Wraith King,Juggernaut,Spectre,Skywrath Mage","Medusa,Wraith King,Juggernaut","Jakiro,Dragon Knight,Sniper,Shadow Shaman,Marci","Jakiro,Dragon Knight",Spectre,1,8421449700,1755451439
"Snapfire,Drow Ranger,Juggernaut,Kunkka,Axe",Snapfire,"Witch Doctor,Storm Spirit,Hoodwink,Riki",,Drow Ranger,0,8421551643,1755456084
"Wraith King,Pugna,Lion,Slark,Drow Ranger","Wraith King,Pugna,Lion","Nature's Prophet,Pudge,Undying,Phantom Assassin,Necrophos","Nature's Prophet,Pudge",Slark,1,8421694635,1755463304
"Phantom Lancer,Wraith King,Sniper,Bane,Lich",Phantom Lancer,"Silencer,Nature's Prophet,Necrophos,Legion Commander,Tiny",,Wraith King,1,8421765140,1755467869
"Drow Ranger,Monkey King,Windranger,Juggernaut,Underlord","Drow Ranger,Monkey King,Windranger","Legion Commander,Nature's Prophet,Templar Assassin,Lycan,Necrophos","Legion Commander,Nature's Prophet",Juggernaut,1,8421810828,1755471658
"Disruptor,Sniper,Enchantress,Legion Commander,Wraith King","Disruptor,Sniper,Enchantress,Legion Commander","Faceless Void,Bounty Hunter,Invoker,Skywrath Mage,Earthshaker","Faceless Void,Bounty Hunter,Invoker,Skywrath Mage",Wraith King,1,8421847579,1755475279
"Clockwerk,Warlock,Sniper,Spectre,Death Prophet","Clockwerk,Warlock,Sniper","Wraith King,Lion,Legion Commander,Nature's Prophet,Muerta","Wraith King,Lion",Spectre,1,8422698860,1755532459
"Night Stalker,Spirit Breaker,Spectre,Tidehunter,Queen of Pain","Night Stalker,Spirit Breaker","Pudge,Sniper,Shadow Shaman,Venomancer,Witch Doctor,Timbersaw","Pudge,Sniper",Spectre,0,8422798377,1755536894
"Hoodwink,Viper,Wraith King,Slark","Hoodwink,Viper","Windranger,Sniper,Warlock,Necrophos,Razor,Beastmaster",Windranger,Wraith King,0,8422912762,1755542318
"Wraith King,Sand King,Sniper,Skywrath Mage,Dawnbreaker",,"Witch Doctor,Zeus,Slark,Juggernaut,Dark Willow",,Wraith King,1,8422953801,1755544355
"Alchemist,Abaddon,Windranger,Kunkka,Wraith King","Alchemist,Abaddon,Windranger,Kunkka","Crystal Maiden,Lina,Anti-Mage,Timbersaw,Mirana","Crystal Maiden,Lina,Anti-Mage,Timbersaw",Wraith King,0,8424220711,1755626584
"Drow Ranger,Wraith King,Dawnbreaker,Lion,Sand King",Drow Ranger,"Lina,Witch Doctor,Anti-Mage,Winter Wyvern,Slark",,Wraith King,0,8424290097,1755629978
"Juggernaut,Legion Commander,Lina,Silencer,Zeus",Juggernaut,"Shadow Fiend,Sniper,Sand King,Gyrocopter,Nature's Prophet",,Legion Commander,1,8425666660,1755717003
"Pudge,Io,Keeper of the Light,Marci,Witch Doctor,Wraith King","Io,Keeper of the Light,Marci,Witch Doctor","Void Spirit,Terrorblade,Necrophos,Lion,Muerta","Void Spirit,Terrorblade,Necrophos,Lion",Wraith King,1,8425723781,1755719878
"Ogre Magi,Wraith King,Phantom Lancer,Phantom Assassin,Viper",Ogre Magi,"Alchemist,Ancient Apparition,Anti-Mage,Slark,Earthshaker",,Wraith King,0,8426152075,1755758047
"Witch Doctor,Centaur Warrunner,Mirana,Sniper,Spectre","Witch Doctor,Centaur Warrunner,Mirana,Sniper","Dawnbreaker,Lion,Techies,Juggernaut,Zeus","Dawnbreaker,Lion,Techies,Juggernaut",Spectre,1,8426198521,1755761928
"Pudge,Sniper,Enchantress,Viper,Abaddon,Wraith King","Pudge,Enchantress,Viper,Abaddon","Vengeful Spirit,Primal Beast,Razor,Phantom Lancer,Ogre Magi","Vengeful Spirit,Primal Beast,Razor,Phantom Lancer",Wraith King,1,8426313198,1755769962
"Pudge,Wraith King,Ancient Apparition,Razor,Rubick",Pudge,"Tidehunter,Zeus,Hoodwink,Drow Ranger,Tinker",,Wraith King,1,8426369602,1755773338
"Slark,Invoker,Legion Commander,Disruptor,Wraith King","Slark,Invoker,Legion Commander,Disruptor","Windranger,Spectre,Oracle,Huskar,Storm Spirit","Windranger,Spectre,Oracle,Huskar",Wraith King,1,8426420226,1755776077
"Ancient Apparition,Drow Ranger,Lifestealer,Wraith King,Faceless Void","Ancient Apparition,Drow Ranger,Lifestealer","Phantom Lancer,Spirit Breaker,Pudge,Gyrocopter,Sniper","Phantom Lancer,Spirit Breaker",Wraith King,0,8426650135,1755785793
"Spectre,Omniknight,Vengeful Spirit,Crystal Maiden,Phoenix",,"Invoker,Huskar,Lina,Monkey King,Axe,Juggernaut",,Spectre,1,8426712837,1755788194
"Snapfire,Legion Commander,Wraith King,Outworld Destroyer,Tusk,Winter Wyvern",Legion Commander,"Necrophos,Ogre Magi,Elder Titan,Axe,Sniper","Necrophos,Ogre Magi",Wraith King,0,8426832283,1755793047
"Abaddon,Lion,Batrider,Wraith King,Silencer","Abaddon,Lion,Batrider","Spirit Breaker,Zeus,Ursa,Legion Commander,Crystal Maiden","Spirit Breaker,Zeus",Wraith King,0,8426942899,1755798075
"Alchemist,Viper,Crystal Maiden,Death Prophet,Wraith King","Alchemist,Viper,Crystal Maiden,Death Prophet","Lion,Necrophos,Phantom Assassin,Clinkz,Nyx Assassin","Lion,Necrophos,Phantom Assassin,Clinkz",Wraith King,1,8427031201,1755802245
"Invoker,Abaddon,Shadow Demon,Sniper,Silencer","Invoker,Abaddon,Shadow Demon,Sniper","Tinker,Windranger,Slark,Nature's Prophet,Pugna","Tinker,Windranger,Slark,Nature's Prophet",Silencer,0,8427609175,1755849444
"Razor,Wraith King,Shadow Shaman,Puck,Slardar",Razor,"Naga Siren,Nature's Prophet,Sniper,Phantom Lancer,Ogre Magi",,Wraith King,1,8428065061,1755872744
"Hoodwink,Pudge,Wraith King,Earthshaker,Muerta","Hoodwink,Pudge","Monkey King,Invoker,Tinker,Juggernaut,Ogre Magi","Monkey King,Invoker",Wraith King,1,8428146528,1755875705
"Wraith King,Lion,Luna,Pudge,Undying,Necrophos",,"Marci,Ogre Magi,Windranger,Abaddon,Drow Ranger,Puck",,Wraith King,1,8428248678,1755879599
"Lich,Wraith King,Legion Commander,Zeus,Rubick",Lich,"Pudge,Sniper,Earthshaker,Pugna,Tidehunter,Luna",,Wraith King,1,8428339506,1755883344
"Ogre Magi,Sniper,Snapfire,Bounty Hunter,Wraith King","Ogre Magi,Sniper,Snapfire,Bounty Hunter","Phantom Assassin,Kunkka,Marci,Pudge,Crystal Maiden","Phantom Assassin,Kunkka,Marci,Pudge",Wraith King,1,8428405155,1755886185
"Pudge,Sniper,Tidehunter,Ogre Magi,Wraith King","Pudge,Sniper,Tidehunter,Ogre Magi","Zeus,Marci,Jakiro,Chaos Knight,Drow Ranger","Zeus,Marci,Jakiro,Chaos Knight",Wraith King,1,8428468122,1755889029
"Huskar,Wraith King,Shadow Fiend,Doom",Huskar,"Hoodwink,Silencer,Faceless Void,Visage,Abaddon",,Wraith King,1,8428519194,1755891385
"Pudge,Skywrath Mage,Legion Commander,Jakiro,Wraith King","Pudge,Skywrath Mage,Legion Commander,Jakiro","Invoker,Windranger,Silencer,Naga Siren,Storm Spirit","Invoker,Windranger,Silencer,Naga Siren",Wraith King,1,8428598202,1755895400
"Pudge,Wraith King,Visage,Lion,Necrophos",Pudge,"Hoodwink,Alchemist,Timbersaw,Queen of Pain,Drow Ranger",,Wraith King,0,8428681741,1755900796
"Pudge,Dawnbreaker,Wraith King,Grimstroke,Tinker","Pudge,Dawnbreaker","Beastmaster,Void Spirit,Shadow Fiend,Windranger,Queen of Pain,Anti-Mage","Beastmaster,Void Spirit",Wraith King,1,8428711594,1755903091
"Warlock,Queen of Pain,Witch Doctor,Legion Commander,Anti-Mage","Warlock,Queen of Pain,Witch Doctor","Wraith King,Pudge,Techies,Phantom Lancer,Slark","Wraith King,Pudge",Legion Commander,0,8428743735,1755905951
"Vengeful Spirit,Grimstroke,Juggernaut,Sniper,Axe",,"Pugna,Spirit Breaker,Jakiro,Kez,Arc Warden",,Vengeful Spirit,0,8429171592,1755938235
"Skywrath Mage,Wraith King,Necrophos,Puck",Skywrath Mage,"Riki,Queen of Pain,Doom,Shadow Fiend,Lion",,Wraith King,0,8429514553,1755954785
"Lich,Wraith King,Necrophos,Ogre Magi,Nyx Assassin",Lich,"Sniper,Marci,Magnus,Keeper of the Light,Treant Protector",,Wraith King,1,8429781904,1755964415
"Shadow Shaman,Pudge,Spirit Breaker,Rubick,Zeus,Wraith King","Pudge,Spirit Breaker,Rubick,Zeus","Warlock,Winter Wyvern,Weaver,Dragon Knight,Slark","Warlock,Winter Wyvern,Weaver,Dragon Knight",Wraith King,0,8429867535,1755967736
"Pudge,Wraith King,Sniper,Witch Doctor,Faceless Void,Queen of Pain",Pudge,"Lina,Nature's Prophet,Windranger,Crystal Maiden,Silencer",,Wraith King,1,8429977034,1755972300
"Silencer,Vengeful Spirit,Axe,Skywrath Mage,Faceless Void",,"Pudge,Dazzle,Elder Titan,Snapfire,Queen of Pain",,Silencer,1,8430146032,1755979910
"Pudge,Warlock,Legion Commander,Silencer,Weaver,Wraith King","Warlock,Legion Commander,Silencer,Weaver","Shadow Fiend,Ursa,Snapfire,Lion,Void Spirit","Shadow Fiend,Ursa,Snapfire,Lion",Wraith King,1,8430226643,1755984195
"Abaddon,Windranger,Zeus,Wraith King,Kunkka","Abaddon,Windranger,Zeus","Templar Assassin,Snapfire,Axe,Invoker,Dazzle","Templar Assassin,Snapfire",Wraith King,0,8430842763,1756026899
"Windranger,Dawnbreaker,Lina,Wraith King,Treant Protector","Windranger,Dawnbreaker,Lina","Spectre,Rubick,Silencer,Legion Commander,Puck","Spectre,Rubick",Wraith King,1,8430888268,1756029096
"Marci,Invoker,Monkey King,Vengeful Spirit,Mirana","Marci,Invoker,Monkey King","Bounty Hunter,Wraith King,Phantom Assassin,Shadow Demon,Rubick,Ogre Magi",Bounty Hunter,Vengeful Spirit,0,8431431090,1756049885
"Lina,Tidehunter,Lich,Wraith King,Sniper","Lina,Tidehunter,Lich","Crystal Maiden,Nature's Prophet,Juggernaut,Monkey King,Faceless Void","Crystal Maiden,Nature's Prophet",Wraith King,1,8431508890,1756052872
"Pudge,Enchantress,Wraith King,Crystal Maiden,Templar Assassin,Zeus",Enchantress,"Ancient Apparition,Spirit Breaker,Tidehunter,Luna,Invoker","Ancient Apparition,Spirit Breaker",Wraith King,1,8431774382,1756064411
"Bane,Medusa,Lion,Pugna,Lina",Bane,"Pudge,Windranger,Shadow Fiend,Magnus,Ember Spirit",,Medusa,0,8431815369,1756066405
"Sniper,Dawnbreaker,Lich,Silencer,Medusa","Sniper,Dawnbreaker,Lich","Crystal Maiden,Wraith King,Shadow Shaman,Drow Ranger,Necrophos","Crystal Maiden,Wraith King",Silencer,1,8431872535,1756069476
"Ogre Magi,Disruptor,Omniknight,Medusa,Riki","Ogre Magi,Disruptor,Omniknight","Queen of Pain,Pudge,Phantom Assassin,Vengeful Spirit,Dawnbreaker","Queen of Pain,Pudge",Medusa,1,8432450653,1756117764
"Nature's Prophet,Legion Commander,Wraith King,Spirit Breaker","Nature's Prophet,Legion Commander","Huskar,Zeus,Queen of Pain,Jakiro","Huskar,Zeus",Wraith King,1,8432523637,1756121644
"Pudge,Sniper,Vengeful Spirit,Snapfire,Phantom Lancer",Pudge,"Sand King,Wraith King,Legion Commander,Meepo,Warlock",,Sniper,0,8432747117,1756130414
"Techies,Snapfire,Necrophos,Muerta,Phantom Lancer","Techies,Snapfire,Necrophos,Muerta","Magnus,Huskar,Ogre Magi,Puck","Magnus,Huskar,Ogre Magi,Puck",Phantom Lancer,0,8433036407,1756141650
"Ringmaster,Wraith King,Omniknight,Necrophos,Queen of Pain",Ringmaster,"Lina,Juggernaut,Zeus,Shadow Shaman,Legion Commander,Clinkz",,Wraith King,0,8433077428,1756143459
"Faceless Void,Ogre Magi,Weaver,Death Prophet,Necrophos","Faceless Void,Ogre Magi","Enchantress,Anti-Mage,Void Spirit,Undying,Lion","Enchantress,Anti-Mage",Weaver,1,8433232869,1756150860
"Dark Willow,Lion,Storm Spirit,Wraith King","Dark Willow,Lion,Storm Spirit","Sniper,Windranger,Shadow Shaman,Bounty Hunter,Kunkka","Sniper,Windranger",Wraith King,0,8433306429,1756154833
"Sniper,Shadow Shaman,Necrophos,Crystal Maiden,Drow Ranger,Medusa","Shadow Shaman,Necrophos,Crystal Maiden,Drow Ranger","Sven,Dazzle,Razor,Ancient Apparition,Mars,Nature's Prophet","Sven,Dazzle,Ancient Apparition",Medusa,1,8434210194,1756218306
"Marci,Pudge,Dazzle,Ursa,Shadow Demon,Wraith King","Marci,Dazzle,Ursa,Shadow Demon","Jakiro,Witch Doctor,Spectre,Clockwerk,Shadow Fiend","Jakiro,Witch Doctor,Spectre,Clockwerk",Wraith King,1,8434423285,1756226682
"Lich,Lion,Wraith King,Earthshaker,Kunkka","Lich,Lion","Axe,Crystal Maiden,Witch Doctor,Anti-Mage,Nature's Prophet","Axe,Crystal Maiden",Wraith King,0,8434697639,1756239800
"Techies,Legion Commander,Disruptor,Outworld Destroyer,Queen of Pain",Techies,"Pudge,Shadow Shaman,Witch Doctor,Sven,Rubick",,Legion Commander,0,8436001202,1756321059
"Techies,Skywrath Mage,Huskar,Wraith King,Razor","Techies,Skywrath Mage,Huskar","Lich,Weaver,Drow Ranger,Shadow Fiend,Necrophos","Lich,Weaver",Wraith King,0,8436058929,1756323914
"Sand King,Disruptor,Wraith King,Medusa,Legion Commander","Sand King,Disruptor,Wraith King","Earth Spirit,Enchantress,Slark,Warlock,Mars","Earth Spirit,Enchantress",Medusa,0,8437375861,1756406915
"Lich,Wraith King,Treant Protector,Luna,Centaur Warrunner",Lich,"Techies,Alchemist,Jakiro,Sniper,Weaver,Tidehunter",,Wraith King,1,8438839049,1756495995
"Tidehunter,Crystal Maiden,Wraith King,Batrider,Grimstroke","Tidehunter,Crystal Maiden","Spirit Breaker,Tinker,Morphling,Queen of Pain,Bloodseeker","Spirit Breaker,Tinker",Wraith King,1,8439492005,1756543977
"Pudge,Queen of Pain,Juggernaut,Pugna,Lion,Abaddon",Queen of Pain,"Ursa,Tinker,Tusk,Legion Commander,Drow Ranger","Ursa,Tinker",Juggernaut,1,8439542320,1756546783
"Marci,Wraith King,Riki,Invoker,Lina",Marci,"Gyrocopter,Axe,Dazzle,Troll Warlord,Shadow Fiend",,Wraith King,0,8439609170,1756550448
"Witch Doctor,Phantom Lancer,Lion,Wraith King,Silencer","Witch Doctor,Phantom Lancer,Lion","Underlord,Windranger,Templar Assassin,Crystal Maiden,Drow Ranger","Underlord,Windranger",Wraith King,1,8439810627,1756559537
"Shadow Shaman,Wraith King,Necrophos,Zeus,Dawnbreaker",Shadow Shaman,"Pudge,Dark Willow,Tiny,Arc Warden,Monkey King,Viper",,Wraith King,1,8439973488,1756565448
"Nature's Prophet,Clockwerk,Jakiro,Juggernaut,Queen of Pain","Nature's Prophet,Clockwerk,Jakiro","Pudge,Pugna,Silencer,Razor,Void Spirit","Pudge,Pugna",Juggernaut,0,8440223652,1756575202
"Pudge,Crystal Maiden,Lion,Wraith King,Viper","Pudge,Crystal Maiden,Lion","Slardar,Necrophos,Witch Doctor,Anti-Mage,Dawnbreaker","Slardar,Necrophos",Wraith King,1,8440288282,1756577952
"Witch Doctor,Clockwerk,Sniper,Anti-Mage,Dawnbreaker","Witch Doctor,Clockwerk,Sniper","Lifestealer,Hoodwink,Centaur Warrunner,Arc Warden,Faceless Void","Lifestealer,Hoodwink",Anti-Mage,1,8440440770,1756585137
"Pudge,Crystal Maiden,Wraith King,Pugna,Dragon Knight","Pudge,Crystal Maiden","Spectre,Muerta,Lich,Outworld Destroyer,Bounty Hunter","Spectre,Muerta",Wraith King,0,8440498379,1756588242
"Invoker,Crystal Maiden,Storm Spirit,Wraith King,Witch Doctor","Invoker,Crystal Maiden,Storm Spirit","Pudge,Shadow Fiend,Sven,Marci,Nyx Assassin","Pudge,Shadow Fiend",Wraith King,0,8441009636,1756627024
"Lich,Clinkz,Vengeful Spirit,Night Stalker,Timbersaw",Lich,"Phoenix,Undying,Alchemist,Ember Spirit",,Clinkz,1,8441207742,1756637053
"Shadow Fiend,Axe,Marci,Anti-Mage,Faceless Void","Shadow Fiend,Axe,Marci,Anti-Mage","Shadow Shaman,Phantom Assassin,Techies,Bounty Hunter,Winter Wyvern","Shadow Shaman,Phantom Assassin,Techies,Bounty Hunter",Faceless Void,1,8441265858,1756639724
"Warlock,Wraith King,Ogre Magi,Techies,Mars",Warlock,"Axe,Tinker,Lich,Juggernaut,Silencer",,Wraith King,0,8441616163,1756652839
"Witch Doctor,Wraith King,Magnus,Luna,Winter Wyvern",Witch Doctor,"Alchemist,Axe,Lich,Queen of Pain,Death Prophet",,Wraith King,0,8441684148,1756655474
"Magnus,Lich,Kunkka,Clinkz,Centaur Warrunner","Magnus,Lich,Kunkka","Warlock,Shadow Shaman,Legion Commander,Phantom Assassin,Queen of Pain","Warlock,Shadow Shaman",Clinkz,0,8441798307,1756660185
"Lion,Witch Doctor,Slardar,Medusa,Ogre Magi","Lion,Witch Doctor,Slardar","Treant Protector,Bounty Hunter,Templar Assassin,Dawnbreaker,Windranger","Treant Protector,Bounty Hunter",Medusa,1,8441885536,1756664019
"Lich,Winter Wyvern,Sand King,Chaos Knight,Sniper","Lich,Winter Wyvern,Sand King","Rubick,Oracle,Mars,Lifestealer,Huskar","Rubick,Oracle",Chaos Knight,1,8441980480,1756668513
"Pudge,Rubick,Medusa,Disruptor,Primal Beast","Pudge,Rubick","Dawnbreaker,Batrider,Pangolier,Lion","Dawnbreaker,Batrider",Medusa,1,8443180419,1756746983
"Skywrath Mage,Winter Wyvern,Pudge,Ursa,Wraith King","Skywrath Mage,Winter Wyvern,Pudge,Ursa","Shadow Shaman,Juggernaut,Invoker,Beastmaster,Huskar","Shadow Shaman,Juggernaut,Invoker,Beastmaster",Wraith King,1,8444331448,1756827641
"Shadow Fiend,Arc Warden,Razor,Wraith King","Shadow Fiend,Arc Warden,Razor","Necrophos,Sniper,Slardar,Queen of Pain,Zeus","Necrophos,Sniper",Wraith King,0,8444568215,1756838586
"Bounty Hunter,Techies,Silencer,Chaos Knight","Bounty Hunter,Techies","Batrider,Tusk,Lion,Undying,Sven","Batrider,Tusk",Silencer,1,8444651895,1756843127
"Clinkz,Dawnbreaker,Shadow Shaman,Pudge",,"Shadow Demon,Pangolier,Undying,Crystal Maiden,Anti-Mage",,Clinkz,1,8445602679,1756915069
"Queen of Pain,Axe,Winter Wyvern,Anti-Mage,Void Spirit","Queen of Pain,Axe,Winter Wyvern","Pudge,Monkey King,Witch Doctor,Juggernaut,Bloodseeker,Viper",Monkey King,Anti-Mage,1,8445683245,1756918724
"Weaver,Witch Doctor,Riki,Anti-Mage,Marci","Weaver,Witch Doctor,Riki","Kunkka,Jakiro,Venomancer,Magnus,Bloodseeker","Kunkka,Jakiro",Anti-Mage,1,8445831330,1756925991
"Ancient Apparition,Medusa,Undying,Templar Assassin,Muerta",Ancient Apparition,"Faceless Void,Bristleback,Weaver,Crystal Maiden,Centaur Warrunner,Arc Warden",,Medusa,1,8447035486,1757012786
"Undying,Drow Ranger,Kez,Wraith King,Outworld Destroyer","Undying,Drow Ranger,Kez","Invoker,Phantom Assassin,Bounty Hunter,Earthshaker,Alchemist","Invoker,Phantom Assassin",Wraith King,0,8448215511,1757093646
"Disruptor,Medusa,Shadow Shaman,Death Prophet,Ogre Magi",Disruptor,"Sniper,Magnus,Muerta,Kunkka,Anti-Mage",,Medusa,1,8448338037,1757099131
"Pudge,Nature's Prophet,Medusa,Slark,Weaver","Pudge,Nature's Prophet","Ursa,Anti-Mage,Bristleback,Shadow Fiend,Wraith King,Broodmother","Ursa,Anti-Mage",Medusa,0,8448866473,1757139478
"Invoker,Phantom Assassin,Drow Ranger,Dawnbreaker,Queen of Pain","Invoker,Phantom Assassin,Drow Ranger","Windranger,Skywrath Mage,Phantom Lancer,Tinker,Juggernaut","Windranger,Skywrath Mage",Dawnbreaker,0,8449123105,1757154783
"Witch Doctor,Vengeful Spirit,Mars,Storm Spirit,Templar Assassin",Witch Doctor,"Ancient Apparition,Visage,Leshrac,Bristleback,Shadow Fiend",,Vengeful Spirit,0,8449180658,1757157563
"Omniknight,Witch Doctor,Lich,Outworld Destroyer,Clinkz,Spirit Breaker","Omniknight,Lich,Outworld Destroyer","Axe,Lion,Sniper,Dazzle,Silencer,Night Stalker","Axe,Sniper,Dazzle",Clinkz,1,8449355127,1757164488
"Lina,Warlock,Snapfire,Wraith King,Outworld Destroyer","Lina,Warlock,Snapfire","Nature's Prophet,Axe,Weaver,Lion,Anti-Mage","Nature's Prophet,Axe",Wraith King,0,8449432306,1757167323
"Earthshaker,Legion Commander,Phoenix,Slark,Rubick",Earthshaker,"Zeus,Techies,Undying,Lifestealer,Anti-Mage",,Legion Commander,0,8449705098,1757177403
"Dragon Knight,Hoodwink,Winter Wyvern,Medusa,Lina","Dragon Knight,Hoodwink,Winter Wyvern","Lifestealer,Invoker,Pudge,Luna,Ember Spirit","Lifestealer,Invoker",Medusa,1,8450490014,1757226955
"Jakiro,Sniper,Pudge,Anti-Mage,Spirit Breaker","Jakiro,Sniper,Pudge","Ogre Magi,Lion,Phantom Assassin,Huskar,Lina","Ogre Magi,Lion",Anti-Mage,1,8450547418,1757230111
"Shadow Shaman,Windranger,Axe,Medusa,Batrider","Shadow Shaman,Windranger,Axe","Witch Doctor,Lion,Pudge,Slardar,Disruptor,Anti-Mage",Witch Doctor,Medusa,0,8450614450,1757233555
"Zeus,Crystal Maiden,Lifestealer,Nyx Assassin,Pangolier","Zeus,Crystal Maiden,Lifestealer","Pudge,Invoker,Axe,Shadow Shaman,Medusa,Skywrath Mage",Invoker,Nyx Assassin,1,8450780762,1757241595
"Magnus,Warlock,Medusa,Legion Commander,Windranger","Magnus,Warlock","Pudge,Beastmaster,Silencer,Invoker,Venomancer,Anti-Mage",Beastmaster,Medusa,0,8450909607,1757246881
"Silencer,Earthshaker,Spirit Breaker,Medusa,Shadow Fiend","Silencer,Earthshaker,Spirit Breaker","Pudge,Queen of Pain,Slardar,Visage,Ursa","Pudge,Queen of Pain",Medusa,0,8451046634,1757251848
"Invoker,Venomancer,Earthshaker,Wraith King,Axe","Invoker,Venomancer,Earthshaker,Wraith King","Vengeful Spirit,Magnus,Faceless Void,Lion,Void Spirit","Vengeful Spirit,Magnus,Faceless Void,Lion",Axe,1,8451125932,1757254418
"Warlock,Dazzle,Axe,Luna,Wraith King","Warlock,Dazzle,Axe,Luna","Pudge,Witch Doctor,Venomancer,Windranger,Drow Ranger","Pudge,Witch Doctor,Venomancer,Windranger",Wraith King,1,8451208739,1757257159
"Tusk,Witch Doctor,Monkey King,Sand King,Dragon Knight",Tusk,"Tinker,Mars,Viper,Zeus,Legion Commander",,Witch Doctor,1,8451292135,1757260228
"Ogre Magi,Chaos Knight,Warlock,Wraith King,Lion","Ogre Magi,Chaos Knight,Warlock","Mirana,Io,Timbersaw,Slark,Shadow Fiend","Mirana,Io",Wraith King,1,8451411130,1757264882
"Jakiro,Techies,Wraith King,Juggernaut,Centaur Warrunner","Jakiro,Techies","Pudge,Lion,Sand King,Sniper,Slark,Medusa",Lion,Wraith King,1,8451482153,1757267923
"Lion,Sniper,Wraith King,Invoker,Medusa","Lion,Sniper,Wraith King,Invoker","Pudge,Skywrath Mage,Legion Commander,Sven,Kunkka","Pudge,Skywrath Mage,Legion Commander,Sven",Medusa,0,8451530326,1757270067
"Ancient Apparition,Zeus,Mars,Clinkz,Outworld Destroyer","Ancient Apparition,Zeus,Mars","Pudge,Hoodwink,Beastmaster,Shadow Shaman,Slark","Pudge,Hoodwink",Clinkz,1,8451589262,1757272823
"Zeus,Wraith King,Grimstroke,Lion,Hoodwink,Doom",Zeus,"Marci,Legion Commander,Ogre Magi,Nyx Assassin,Windranger",,Wraith King,1,8453029572,1757360793
"Abaddon,Lion,Lina,Oracle,Clinkz","Abaddon,Lion,Lina,Oracle","Pudge,Monkey King,Sniper,Crystal Maiden,Slardar,Alchemist","Monkey King,Sniper,Crystal Maiden",Clinkz,0,8454081581,1757432060
"Pudge,Witch Doctor,Queen of Pain,Warlock,Slark","Pudge,Witch Doctor,Queen of Pain","Mars,Sniper,Undying,Clinkz,Monkey King","Mars,Sniper",Warlock,0,8454151001,1757434834
"Silencer,Hoodwink,Razor,Phantom Assassin,Anti-Mage","Silencer,Hoodwink,Razor,Phantom Assassin","Pudge,Snapfire,Wraith King,Vengeful Spirit,Morphling","Pudge,Snapfire,Wraith King,Vengeful Spirit",Anti-Mage,1,8454225808,1757437870
"Pudge,Oracle,Sniper,Winter Wyvern,Medusa,Axe","Oracle,Sniper,Winter Wyvern","Lich,Silencer,Night Stalker,Huskar,Phantom Assassin","Lich,Silencer,Night Stalker,Huskar",Medusa,0,8454367234,1757443814
"Lich,Shadow Demon,Medusa,Earthshaker,Invoker",,"Pudge,Vengeful Spirit,Witch Doctor,Nature's Prophet,Warlock,Faceless Void,Anti-Mage",,Lich,1,8454423789,1757446394
"Sniper,Skywrath Mage,Troll Warlord,Juggernaut,Medusa","Sniper,Skywrath Mage,Troll Warlord,Juggernaut","Pudge,Mirana,Windranger,Rubick,Phantom Lancer","Pudge,Mirana,Windranger,Rubick",Medusa,0,8455501897,1757518764
"Ancient Apparition,Nyx Assassin,Legion Commander,Huskar,Kunkka,Medusa,Wraith King","Ancient Apparition,Nyx Assassin,Huskar,Kunkka","Invoker,Witch Doctor,Earthshaker,Lifestealer,Puck,Viper","Invoker,Witch Doctor,Lifestealer",Wraith King,1,8455577003,1757521578
"Invoker,Necrophos,Shadow Shaman,Witch Doctor,Wraith King","Invoker,Necrophos,Shadow Shaman,Witch Doctor","Treant Protector,Ogre Magi,Lion,Queen of Pain,Windranger","Treant Protector,Ogre Magi,Lion,Queen of Pain",Wraith King,1,8455848576,1757532978
"Pudge,Sniper,Weaver,Ogre Magi,Wraith King,Winter Wyvern","Sniper,Weaver,Ogre Magi","Nyx Assassin,Phantom Assassin,Nature's Prophet,Spirit Breaker,Necrophos","Nyx Assassin,Phantom Assassin,Nature's Prophet,Spirit Breaker",Wraith King,0,8457162713,1757618479
"Lina,Lich,Riki,Queen of Pain,Lone Druid","Lina,Lich,Riki,Queen of Pain","Undying,Windranger,Juggernaut,Lion,Pangolier","Undying,Windranger,Juggernaut,Lion",Lone Druid,0,8458222230,1757689607
"Marci,Wraith King,Spirit Breaker,Nature's Prophet,Bristleback,Nyx Assassin",Marci,"Pudge,Shadow Shaman,Lion,Magnus,Clinkz,Ursa",,Wraith King,1,8458361998,1757694416
"Tiny,Venomancer,Rubick,Axe,Wraith King,Medusa","Tiny,Venomancer,Rubick,Axe","Lich,Windranger,Shadow Shaman,Anti-Mage,Centaur Warrunner,Lifestealer","Windranger,Shadow Shaman,Anti-Mage",Medusa,0,8458454837,1757697797
"Venomancer,Undying,Earthshaker,Legion Commander,Troll Warlord","Venomancer,Undying,Earthshaker","Pudge,Muerta,Juggernaut,Techies,Tinker,Lone Druid",Muerta,Legion Commander,0,8458525776,1757700541
"Sniper,Wraith King,Bloodseeker,Lion,Clinkz","Sniper,Wraith King,Bloodseeker,Lion","Shadow Shaman,Enchantress,Legion Commander,Shadow Fiend,Spectre","Shadow Shaman,Enchantress,Legion Commander,Shadow Fiend",Clinkz,1,8458591353,1757703096
"Snapfire,Spirit Breaker,Queen of Pain,Rubick,Medusa","Snapfire,Spirit Breaker,Queen of Pain,Rubick","Jakiro,Windranger,Dawnbreaker,Earthshaker,Puck","Jakiro,Windranger,Dawnbreaker,Earthshaker",Medusa,1,8458675477,1757706621
"Crystal Maiden,Vengeful Spirit,Legion Commander,Sniper,Drow Ranger",Crystal Maiden,"Pudge,Puck,Lich,Queen of Pain,Medusa",,Vengeful Spirit,1,8458731955,1757709096
"Nature's Prophet,Abaddon,Wraith King,Rubick,Medusa","Nature's Prophet,Abaddon,Wraith King,Rubick","Pudge,Elder Titan,Earthshaker,Phantom Assassin,Sand King","Pudge,Elder Titan,Earthshaker,Phantom Assassin",Medusa,0,8458795540,1757712562
"Pugna,Chaos Knight,Dazzle,Clinkz,Outworld Destroyer","Pugna,Chaos Knight,Dazzle","Grimstroke,Earthshaker,Pudge,Phantom Assassin,Ember Spirit","Grimstroke,Earthshaker",Clinkz,1,8458848664,1757715951
"Invoker,Weaver,Enigma,Ogre Magi,Silencer","Invoker,Weaver,Enigma,Ogre Magi","Lion,Slardar,Ursa,Bounty Hunter,Nyx Assassin,Dragon Knight","Slardar,Ursa,Bounty Hunter",Silencer,0,8459540966,1757761888
"Spirit Breaker,Nyx Assassin,Witch Doctor,Kunkka,Clinkz",Spirit Breaker,"Pudge,Ringmaster,Jakiro,Faceless Void,Centaur Warrunner,Silencer",,Nyx Assassin,1,8459634384,1757765657
"Hoodwink,Legion Commander,Medusa,Witch Doctor,Skywrath Mage","Hoodwink,Legion Commander","Nyx Assassin,Ancient Apparition,Dawnbreaker,Terrorblade,Pangolier","Nyx Assassin,Ancient Apparition",Medusa,1,8459730673,1757769137
"Pudge,Shadow Shaman,Wraith King,Death Prophet,Windranger,Disruptor",Shadow Shaman,"Earthshaker,Witch Doctor,Lion,Ursa,Spirit Breaker","Earthshaker,Witch Doctor",Wraith King,0,8459826306,1757772383
"Techies,Mars,Jakiro,Pudge,Medusa","Techies,Mars,Jakiro,Pudge","Storm Spirit,Lion,Sniper,Wraith King,Gyrocopter,Tidehunter","Storm Spirit,Lion,Sniper",Medusa,0,8460458784,1757795412
"Tusk,Shadow Shaman,Earthshaker,Lina,Medusa","Tusk,Shadow Shaman,Earthshaker,Lina","Pudge,Witch Doctor,Nature's Prophet,Kez,Legion Commander","Pudge,Witch Doctor,Nature's Prophet,Kez",Medusa,1,8460524685,1757798526
"Spirit Breaker,Wraith King,Sniper,Batrider,Outworld Destroyer",Spirit Breaker,"Templar Assassin,Kunkka,Dawnbreaker,Jakiro,Pugna",,Wraith King,0,8461093644,1757838036
"Lion,Bounty Hunter,Axe,Medusa,Earthshaker","Lion,Bounty Hunter,Axe","Broodmother,Gyrocopter,Spirit Breaker,Chaos Knight,Faceless Void","Broodmother,Gyrocopter",Medusa,1,8461148626,1757840982
"Snapfire,Lion,Io,Wraith King,Bristleback,Viper","Snapfire,Io","Warlock,Hoodwink,Anti-Mage,Primal Beast,Broodmother","Warlock,Hoodwink",Wraith King,0,8461943736,1757872273
"Necrophos,Lion,Pudge,Silencer,Sniper","Necrophos,Lion,Pudge","Earthshaker,Sven,Winter Wyvern,Elder Titan,Hoodwink","Earthshaker,Sven",Silencer,0,8462009502,1757875436
"Bounty Hunter,Pudge,Rubick,Axe,Necrophos,Wraith King","Bounty Hunter,Rubick,Axe,Necrophos","Vengeful Spirit,Dazzle,Dragon Knight,Tinker,Shadow Fiend","Vengeful Spirit,Dazzle,Dragon Knight,Tinker",Wraith King,1,8462076120,1757878703
"Abaddon,Jakiro,Puck,Leshrac,Lifestealer",,"Pudge,Necrophos,Naga Siren,Rubick,Legion Commander,Undying,Lycan",,Abaddon,0,8462175089,1757882923
"Lion,Crystal Maiden,Slardar,Phantom Assassin,Snapfire","Lion,Crystal Maiden","Pudge,Queen of Pain,Shadow Fiend,Legion Commander,Phoenix,Drow Ranger","Pudge,Queen of Pain",Slardar,1,8462228234,1757885918
"Ogre Magi,Weaver,Zeus,Io,Wraith King","Ogre Magi,Weaver,Zeus,Io","Dawnbreaker,Crystal Maiden,Techies,Kez,Ursa","Dawnbreaker,Crystal Maiden,Techies,Kez",Wraith King,1,8462289925,1757890487
"Pudge,Oracle,Legion Commander,Ogre Magi,Medusa","Pudge,Oracle,Legion Commander,Ogre Magi","Shadow Demon,Broodmother,Pugna,Juggernaut,Chaos Knight","Shadow Demon,Broodmother,Pugna,Juggernaut",Medusa,1,8463634932,1757963658
"Skywrath Mage,Silencer,Night Stalker,Medusa,Queen of Pain","Skywrath Mage,Silencer,Night Stalker","Nature's Prophet,Ogre Magi,Faceless Void,Tusk,Sniper","Nature's Prophet,Ogre Magi",Medusa,1,8463721436,1757967488
"Pudge,Wraith King,Invoker,Broodmother,Venomancer,Windranger","Wraith King,Invoker","Techies,Shadow Fiend,Lina,Jakiro,Clinkz","Techies,Shadow Fiend",Broodmother,0,8465098682,1758046503
"Witch Doctor,Skywrath Mage,Visage,Tinker,Wraith King","Witch Doctor,Skywrath Mage,Visage,Tinker","Pudge,Snapfire,Legion Commander,Medusa,Ursa","Pudge,Snapfire,Legion Commander,Medusa",Wraith King,1,8465226023,1758051699
"Hoodwink,Wraith King,Oracle,Zeus,Legion Commander",Hoodwink,"Spectre,Warlock,Lion,Queen of Pain",,Wraith King,1,8466817846,1758140806
"Silencer,Phantom Lancer,Shadow Shaman,Wraith King,Warlock,Legion Commander","Phantom Lancer,Shadow Shaman","Sven,Zeus,Necrophos,Undying,Spirit Breaker","Sven,Zeus",Wraith King,1,8467934411,1758209936
"Sniper,Wraith King,Lion,Jakiro,Undying,Rubick",Sniper,"Venomancer,Ogre Magi,Earthshaker,Disruptor,Clinkz,Lich,Drow Ranger",,Wraith King,1,8467991527,1758211805
"Warlock,Mirana,Luna,Axe,Wraith King","Warlock,Mirana,Luna,Axe","Pudge,Spirit Breaker,Medusa,Venomancer,Beastmaster","Pudge,Spirit Breaker,Medusa,Venomancer",Wraith King,0,8468095461,1758215410
"Marci,Vengeful Spirit,Earthshaker,Lion,Lifestealer",Marci,"Pudge,Crystal Maiden,Centaur Warrunner,Skywrath Mage,Anti-Mage",,Vengeful Spirit,1,8468239564,1758220729
"Witch Doctor,Dawnbreaker,Ember Spirit,Lion,Juggernaut","Witch Doctor,Dawnbreaker,Ember Spirit,Lion","Pudge,Techies,Clinkz,Mars,Anti-Mage,Shadow Fiend","Techies,Clinkz,Mars",Juggernaut,0,8468317078,1758224087
"Lifestealer,Slardar,Lion,Zeus,Nature's Prophet","Lifestealer,Slardar,Lion","Necrophos,Shadow Fiend,Slark,Nyx Assassin,Ogre Magi","Necrophos,Shadow Fiend",Zeus,0,8475315610,1758562282
"Razor,Magnus,Anti-Mage,Lion,Hoodwink","Razor,Magnus","Zeus,Shadow Shaman,Slardar,Pangolier,Juggernaut","Zeus,Shadow Shaman",Anti-Mage,0,8475455756,1758567496
"Luna,Rubick,Tiny,Warlock,Faceless Void,Spectre","Luna,Rubick,Tiny,Warlock","Timbersaw,Zeus,Bristleback,Nyx Assassin,Templar Assassin","Timbersaw,Zeus,Bristleback,Nyx Assassin",Spectre,0,8475571509,1758572666
"Lion,Sven,Weaver,Viper","Lion,Sven,Weaver","Muerta,Shadow Fiend,Huskar,Techies,Crystal Maiden","Muerta,Shadow Fiend",Viper,1,8475627733,1758575965
"Spectre,Keeper of the Light,Warlock,Earthshaker,Viper","Spectre,Keeper of the Light,Warlock,Earthshaker","Phantom Lancer,Shadow Shaman,Necrophos,Dawnbreaker,Enchantress","Phantom Lancer,Shadow Shaman,Necrophos,Dawnbreaker",Viper,1,8476977729,1758650550
"Pudge,Pangolier,Faceless Void,Hoodwink,Warlock,Clockwerk",Pangolier,"Ursa,Venomancer,Keeper of the Light,Marci,Gyrocopter","Ursa,Venomancer",Faceless Void,1,8478295355,1758727099
"Shadow Shaman,Centaur Warrunner,Witch Doctor,Zeus,Faceless Void","Shadow Shaman,Centaur Warrunner,Witch Doctor,Zeus","Crystal Maiden,Bloodseeker,Alchemist,Drow Ranger,Ogre Magi,Mirana","Bloodseeker,Alchemist,Drow Ranger",Faceless Void,0,8478394672,1758730400
"Ogre Magi,Pangolier,Dark Willow,Faceless Void,Monkey King","Ogre Magi,Pangolier,Dark Willow","Troll Warlord,Pudge,Lion,Axe,Abaddon,Drow Ranger",Troll Warlord,Faceless Void,1,8478608357,1758738277
"Juggernaut,Pugna,Clinkz,Lion,Abaddon",,"Shadow Fiend,Terrorblade,Monkey King,Axe,Ogre Magi",,Juggernaut,1,8478709593,1758742288
"Crystal Maiden,Pudge,Faceless Void,Storm Spirit,Magnus","Crystal Maiden,Pudge","Disruptor,Sniper,Ogre Magi,Omniknight,Earthshaker","Disruptor,Sniper",Faceless Void,1,8478797689,1758746532
"Hoodwink,Snapfire,Faceless Void,Wraith King,Ancient Apparition","Hoodwink,Snapfire","Lion,Skywrath Mage,Slardar,Invoker,Sven","Lion,Skywrath Mage",Faceless Void,1,8480114508,1758822688
"Sniper,Zeus,Axe,Winter Wyvern,Faceless Void","Sniper,Zeus,Axe,Winter Wyvern","Pudge,Invoker,Lion,Phantom Lancer,Necrophos","Pudge,Invoker,Lion,Phantom Lancer",Faceless Void,0,8481652639,1758906388
"Witch Doctor,Faceless Void,Tidehunter,Outworld Destroyer,Rubick",Witch Doctor,"Pudge,Sniper,Nyx Assassin,Dawnbreaker,Shadow Shaman,Phantom Lancer",,Faceless Void,1,8481735505,1758909124
"Invoker,Zeus,Juggernaut,Centaur Warrunner,Huskar","Invoker,Zeus","Medusa,Lion,Visage,Abaddon,Void Spirit","Medusa,Lion",Juggernaut,1,8481938562,1758916583
"Ogre Magi,Ringmaster,Phantom Assassin,Faceless Void,Silencer","Ogre Magi,Ringmaster,Phantom Assassin","Spirit Breaker,Earth Spirit,Windranger,Slark,Chaos Knight","Spirit Breaker,Earth Spirit",Faceless Void,0,8481994098,1758918922
"Shadow Fiend,Necrophos,Queen of Pain,Lion,Bounty Hunter,Batrider,Weaver","Necrophos,Queen of Pain,Lion,Batrider","Sniper,Phantom Assassin,Nyx Assassin,Templar Assassin,Terrorblade","Sniper,Nyx Assassin,Templar Assassin",Weaver,1,8482048565,1758921562
"Necrophos,Anti-Mage,Undying,Weaver,Nyx Assassin","Necrophos,Anti-Mage,Undying,Weaver","Lich,Witch Doctor,Pudge,Shadow Fiend,Phantom Lancer","Lich,Witch Doctor,Pudge,Shadow Fiend",Nyx Assassin,0,8483202931,1758982718
"Necrophos,Jakiro,Techies,Templar Assassin,Faceless Void","Necrophos,Jakiro,Techies,Templar Assassin","Pudge,Meepo,Void Spirit,Ogre Magi,Abaddon","Pudge,Meepo,Void Spirit,Ogre Magi",Faceless Void,0,8483301273,1758985634
"Kez,Spectre,Lion,Winter Wyvern,Sand King",Kez,"Techies,Clinkz,Wraith King,Phantom Assassin,Vengeful Spirit",,Spectre,0,8483427480,1758989516
"Morphling,Venomancer,Sven,Silencer,Drow Ranger","Morphling,Venomancer,Sven","Phoenix,Legion Commander,Lion,Juggernaut,Necrophos","Phoenix,Legion Commander",Silencer,0,8483552065,1758993488
"Winter Wyvern,Faceless Void,Juggernaut,Chaos Knight,Timbersaw",Winter Wyvern,"Sniper,Grimstroke,Lion,Axe,Shadow Fiend",,Faceless Void,1,8483641305,1758996404
"Templar Assassin,Lich,Zeus,Earthshaker,Faceless Void","Templar Assassin,Lich,Zeus,Earthshaker","Mirana,Sniper,Dazzle,Medusa,Alchemist","Mirana,Sniper,Dazzle,Medusa",Faceless Void,1,8483746090,1759000108
"Riki,Sand King,Pudge,Grimstroke,Silencer","Riki,Sand King,Pudge,Grimstroke","Phantom Lancer,Bounty Hunter,Oracle,Zeus,Bristleback","Phantom Lancer,Bounty Hunter,Oracle,Zeus",Silencer,0,8483837398,1759003528
"Broodmother,Pudge,Crystal Maiden,Faceless Void,Templar Assassin","Broodmother,Pudge,Crystal Maiden","Bounty Hunter,Luna,Bristleback,Invoker,Medusa","Bounty Hunter,Luna",Faceless Void,0,8483901398,1759006149
"Mars,Techies,Jakiro,Viper,Spirit Breaker","Mars,Techies,Jakiro","Mirana,Zeus,Morphling,Lich,Medusa","Mirana,Zeus",Viper,0,8483971467,1759009513
"Windranger,Phantom Assassin,Ursa,Faceless Void,Puck","Windranger,Phantom Assassin,Ursa","Pudge,Monkey King,Marci,Queen of Pain,Leshrac","Pudge,Monkey King",Faceless Void,1,8485289985,1759073904
"Bane,Drow Ranger,Zeus,Spectre","Bane,Drow Ranger,Zeus","Witch Doctor,Anti-Mage,Queen of Pain,Silencer,Chaos Knight","Witch Doctor,Anti-Mage",Spectre,0,8485413525,1759077580
"Jakiro,Necrophos,Alchemist,Juggernaut,Silencer","Jakiro,Necrophos,Alchemist","Faceless Void,Venomancer,Legion Commander,Razor,Warlock","Faceless Void,Venomancer",Juggernaut,0,8485494996,1759080214
"Pudge,Techies,Necrophos,Mars,Phantom Lancer","Pudge,Techies,Necrophos,Mars","Sand King,Nature's Prophet,Ursa","Sand King,Nature's Prophet,Ursa",Phantom Lancer,1,8485625995,1759084790
"Tusk,Crystal Maiden,Chaos Knight,Lycan,Medusa","Tusk,Crystal Maiden,Chaos Knight,Lycan","Witch Doctor,Earthshaker,Ogre Magi,Jakiro,Legion Commander","Witch Doctor,Earthshaker,Ogre Magi,Jakiro",Medusa,1,8485924529,1759100820
"Ogre Magi,Chaos Knight,Sniper,Silencer,Wraith King,Phantom Lancer","Ogre Magi,Chaos Knight,Silencer,Wraith King","Bounty Hunter,Winter Wyvern,Mars,Luna,Skywrath Mage","Bounty Hunter,Winter Wyvern,Mars,Luna",Phantom Lancer,0,8487085512,1759165189
"Zeus,Crystal Maiden,Razor,Troll Warlord,Legion Commander","Zeus,Crystal Maiden,Razor,Troll Warlord","Shadow Fiend,Sniper,Earthshaker,Night Stalker,Venomancer","Shadow Fiend,Sniper,Earthshaker,Night Stalker",Legion Commander,1,8487143479,1759167284
"Windranger,Viper,Dragon Knight,Lina,Phantom Lancer",Windranger,"Queen of Pain,Lion,Doom,Dazzle,Io",,Viper,1,8487228565,1759170464
"Wraith King,Sniper,Vengeful Spirit,Luna,Chaos Knight","Wraith King,Sniper,Vengeful Spirit","Centaur Warrunner,Drow Ranger,Bristleback,Dawnbreaker,Enchantress","Centaur Warrunner,Drow Ranger",Luna,1,8487308329,1759173655
"Windranger,Silencer,Bloodseeker,Faceless Void,Axe","Windranger,Silencer,Bloodseeker","Crystal Maiden,Skywrath Mage,Spirit Breaker,Witch Doctor,Legion Commander,Monkey King",Skywrath Mage,Faceless Void,0,8487353391,1759175655
"Witch Doctor,Ancient Apparition,Axe,Juggernaut,Shadow Fiend","Witch Doctor,Ancient Apparition,Axe","Faceless Void,Enchantress,Silencer,Undying,Ursa","Faceless Void,Enchantress",Juggernaut,1,8487413307,1759178785
"Silencer,Vengeful Spirit,Lion,Slark,Weaver","Silencer,Vengeful Spirit,Lion","Hoodwink,Timbersaw,Zeus,Snapfire,Windranger","Hoodwink,Timbersaw",Slark,1,8488947462,1759261860
"Juggernaut,Riki,Nature's Prophet,Magnus,Faceless Void","Juggernaut,Riki,Nature's Prophet,Magnus","Zeus,Nyx Assassin,Phantom Assassin,Shadow Fiend,Witch Doctor","Zeus,Nyx Assassin,Phantom Assassin,Shadow Fiend",Faceless Void,0,8490378743,1759342336
"Venomancer,Lich,Doom,Juggernaut,Necrophos","Venomancer,Lich,Doom","Earthshaker,Tusk,Nature's Prophet,Weaver,Techies","Earthshaker,Tusk",Juggernaut,1,8490474301,1759346231
"Gyrocopter,Rubick,Zeus,Earthshaker,Viper","Gyrocopter,Rubick,Zeus,Earthshaker","Sniper,Spirit Breaker,Lion,Drow Ranger,Nature's Prophet","Sniper,Spirit Breaker,Lion,Drow Ranger",Viper,0,8493856020,1759528587
"Faceless Void,Shadow Shaman,Riki,Puck,Wraith King","Faceless Void,Shadow Shaman,Riki,Puck","Pudge,Primal Beast,Jakiro,Anti-Mage,Spirit Breaker,Silencer","Primal Beast,Jakiro,Anti-Mage",Wraith King,1,8493909689,1759532515
"Bane,Axe,Juggernaut,Underlord","Bane,Axe","Pudge,Faceless Void,Rubick,Shadow Fiend,Dazzle","Pudge,Faceless Void",Juggernaut,1,8494735763,1759582711
"Lich,Undying,Anti-Mage,Huskar,Sniper","Lich,Undying,Anti-Mage,Huskar","Shadow Fiend,Pudge,Witch Doctor,Axe,Nyx Assassin,Terrorblade","Shadow Fiend,Witch Doctor,Axe",Sniper,0,8494803309,1759584942
"Skywrath Mage,Lich,Clinkz,Spirit Breaker,Magnus","Skywrath Mage,Lich","Pudge,Windranger,Invoker,Jakiro,Ursa","Pudge,Windranger",Clinkz,0,8494914515,1759588476
"Lich,Enchantress,Clockwerk,Sniper,Templar Assassin",,"Windranger,Troll Warlord,Axe,Rubick,Juggernaut",,Lich,0,8495053058,1759592882
"Shadow Shaman,Jakiro,Invoker,Underlord,Phantom Assassin","Shadow Shaman,Jakiro,Invoker,Underlord","Disruptor,Spirit Breaker,Wraith King,Shadow Fiend,Nature's Prophet","Disruptor,Spirit Breaker,Wraith King,Shadow Fiend",Phantom Assassin,0,8495207470,1759597932
"Clockwerk,Juggernaut,Windranger,Dragon Knight,Silencer",Clockwerk,"Pudge,Lion,Rubick,Witch Doctor,Wraith King,Phantom Lancer",,Juggernaut,0,8495313948,1759601521
